1;-187;-1.560461125;0.465225038;3.166551881;90;0.4;64;-187;-57.502053;-1.560461125;-10.77297247
1;-178.0752409;-2.538653228;1.602387302;0;0;;;;;;
1;-168.4820643;-3.17615002;1.602389359;0;0;;;;;;
1;-158.8888866;-3.813646053;1.602389359;0;0;;;;;;
1;-149.2957088;-4.451142086;1.602389359;0;0;;;;;;
1;-139.7025311;-5.088638119;1.602389359;0;0;;;;;;
1;-130.9783296;-8.684599544;1.602338669;0;90;;;;;;
1;-128.2070768;-14.78052812;1.329482712;0;90;;;;;;
1;-128.205572;-21.79925895;1.056274696;0;90;;;;;;
1;-128.1974213;-30.12342156;1.581229994;0.040292273;90;;;;;;
1;-128.1892886;-38.45051052;1.559858237;0.167365381;90;;;;;;
1;-128.3425972;-42.05303141;0.715190449;0;90;;;;;;
1;-128.4655747;-35.89248817;1.602354977;0;89.54327997;;;;;;
1;-128.3483016;-26.27917617;1.602389261;0;89.90473467;;;;;;
1;-128.2782533;-16.66528258;1.602385094;0;89.55624143;;;;;;
1;-128.2082142;-7.269036985;1.508854186;0;90.04954683;;;;;;
1;-126.6961108;0.624745501;1.52452053;0;24.66848545;;;;;;
1;-117.1239416;0.443616683;1.60232837;0;0;;;;;;
1;-107.5725313;-0.159842143;1.600844227;0;90;;;;;;
1;-98.7331804;-3.564920339;1.601852351;0;90;;;;;;
1;-90.74436228;-8.732093973;1.561140668;0;0;;;;;;
1;-81.25919918;-9.546265701;1.5713221;0;90;;;;;;
1;-73.1422237;-14.16360293;1.546399084;0;48.3467216;;;;;;
1;-64.23810132;-11.69909731;1.596868639;0;49.92972537;;;;;;
1;-60.40277048;-10.80525917;1.377017964;1.985388714;114.5182422;;;;;;
1;-59.15282549;-9.048133903;0.441872747;1.072997857;143.1917723;;;;;;
1;-60.04743137;-10.64175811;0.614818821;0.532903476;90;;;;;;
1;-56.70916234;-9.948907737;0.877571745;0;79.025657;;;;;;
1;-60.44957006;-10.8860227;0.626298254;0;90;;;;;;
1;-58.84227724;-10.21278123;1.549375843;0;89.13884538;;;;;;
1;-60.57174089;-10.55214342;0.713590999;0.083008561;96.31412289;;;;;;
1;-60.32366877;-10.04862329;0.919963725;0.14124954;120.0470912;;;;;;
1;-57.64842992;-9.058455602;1.096855414;0;55.88046525;;;;;;
1;-58.15102646;-9.452006121;1.400295915;0;90;;;;;;
2;-187;0.008322605;0.755192881;5.357600082;90;0.4;64;-187;-56.71284378;0.008322605;-19.30331152
2;-173.2602122;-1.319536278;2.459044388;0;0;;;;;;
2;-158.551532;-2.478663834;2.459047305;0;0;;;;;;
2;-143.8428504;-3.637791632;2.459047305;0;0;;;;;;
2;-130.5107587;-8.578000637;2.458886288;0;90;;;;;;
2;-128.2040353;-17.42787464;2.073392144;0;90;;;;;;
2;-128.2041861;-29.27306039;2.224455223;0;90;;;;;;
2;-128.1986108;-42.93370959;0.33129113;1.691161339;90;;;;;;
2;-128.6317328;-29.54563827;2.458853862;0;90.30031282;;;;;;
2;-128.3601058;-15.10484424;2.458770712;0;89.09089216;;;;;;
2;-128.1594233;-0.761694053;2.439017656;0.634010897;89.05064774;;;;;;
2;-115.1622177;0.344993426;2.459032552;0;0;;;;;;
2;-100.7805949;-2.016791221;2.448266238;0;90;;;;;;
2;-88.21941177;-8.983382953;2.44773653;0;0;;;;;;
2;-74.82264221;-13.80376174;2.458804984;0;90;;;;;;
2;-60.87024514;-10.88178372;2.458903953;0;42.71923957;;;;;;
2;-61.51634896;-13.08669748;2.299059598;0;90;;;;;;
2;-59.43014385;-11.54775745;1.257041321;0;79.7872078;;;;;;
2;-60.42005355;-9.865440039;1.558025321;0;107.4537498;;;;;;
2;-56.93816264;-11.23624748;0.931205739;0;90;;;;;;
2;-57.69997817;-10.24660668;2.261669575;0;36.6662736;;;;;;
2;-60.38703672;-11.10161018;2.151615153;0;90;;;;;;
2;-56.7369435;-6.733883054;1.203883516;0;90.19477211;;;;;;
2;-56.60953351;-9.894640515;1.023518846;1.413538901;114.3020948;;;;;;
2;-61.09653562;-11.55654877;0.440615406;0;97.25767739;;;;;;
2;-58.85769399;-8.479713905;1.86466943;0;0;;;;;;
2;-59.92280765;-9.936616313;0.120910131;0.545931393;90;;;;;;
2;-59.84572853;-9.978747439;0.87610532;2.533184332;77.42421615;;;;;;
2;-60.76823954;-10.63725756;1.043180696;0;90;;;;;;
2;-60.00971722;-10.46017858;0.902647243;0;78.62109359;;;;;;
2;-60.08742323;-9.280519754;1.01083322;0;90;;;;;;
2;-60.29591002;-10.43859662;1.496200992;0.14124954;127.1054774;;;;;;
2;-56.92662605;-11.26059449;1.153132611;2.716179675;90;;;;;;
2;-56.71092158;-17.12154325;0.942868892;0;90;;;;;;
3;-187;-0.728270807;0.322798095;0;90;0.4;64;-187;-58.76929731;-0.728270807;-9.905148351
3;-179.0871515;-1.623062825;1.613963875;0;0;;;;;;
3;-169.432566;-2.373201324;1.61399047;0;0;;;;;;
3;-159.7743274;-3.078308547;1.613990475;0;0;;;;;;
3;-150.1160888;-3.783415421;1.613990475;0;0;;;;;;
3;-140.4578502;-4.488522296;1.613990475;0;0;;;;;;
3;-131.8659352;-7.927378685;1.558368959;0;90;;;;;;
3;-128.1952506;-13.48700819;1.492765091;0.074209966;90;;;;;;
3;-128.1993613;-20.89315509;1.060419689;0.009979828;90;;;;;;
3;-128.1991875;-28.96021366;1.45812603;0.012695616;90;;;;;;
3;-128.1916422;-37.10172005;1.574834763;0.130590444;90;;;;;;
3;-129.4776124;-41.33309777;1.55035431;0;88.32926835;;;;;;
3;-128.6972171;-31.8507911;1.490206647;0;88.98275067;;;;;;
3;-128.3573957;-22.50214635;1.5791847;0;89.40216141;;;;;;
3;-128.2131406;-13.26813027;1.460531193;0;90.00820289;;;;;;
3;-128.1946725;-4.216720849;1.612887725;0.083242006;89.81095402;;;;;;
3;-123.4906071;0.510125309;1.613075165;0;0;;;;;;
3;-113.8131962;0.282974544;1.613531693;0;0;;;;;;
3;-104.2483998;-0.819012386;1.613898031;0;90;;;;;;
3;-96.08345097;-5.316660635;1.582821025;0;90;;;;;;
3;-87.7450605;-8.872990279;1.612947503;0;0;;;;;;
3;-78.79992402;-11.24678514;1.59404387;0;90;;;;;;
3;-70.37663107;-13.32436834;1.612651385;0;54.81007496;;;;;;
3;-61.95967429;-10.70606883;0.677209476;0;54.31366697;;;;;;
3;-61.05606727;-10.59996014;1.366811255;0;92.84778987;;;;;;
3;-56.78339782;-11.84912828;0.899043056;0;90;;;;;;
3;-60.27317072;-10.03915803;0.491689308;1.2805929;79.77169635;;;;;;
3;-58.36481268;-9.730863787;1.210987134;0;90;;;;;;
3;-62.08602599;-13.2417087;1.601586929;0;90;;;;;;
3;-61.81129534;-13.57478171;0.811320645;0;72.00867074;;;;;;
3;-59.83909078;-9.865134664;0.451766465;0.582273197;90;;;;;;
3;-57.04607391;-12.23310728;1.25025323;0.335500812;90;;;;;;
3;-59.11386813;-10.04761163;0.958466383;0;90;;;;;;
3;-59.81804167;-10.25410478;0.64571979;0;67.16351766;;;;;;
4;-187;-0.153456232;0.931449423;7.746422767;90;0.4;64;-187;-59.92535188;-0.153456232;-9.986203439
4;-173.9667096;-1.741939096;2.304025486;0;0;;;;;;
4;-160.1839134;-2.810545642;2.304026723;0;0;;;;;;
4;-146.4011164;-3.879151258;2.304026723;0;0;;;;;;
4;-133.2395994;-6.840436126;2.302029685;0;90;;;;;;
4;-128.1910575;-5.797894091;2.115049665;0.139727168;90.20517027;;;;;;
4;-121.1737278;0.679845855;2.303053779;0;0;;;;;;
4;-107.4003488;-0.18436004;2.303152306;0;0;;;;;;
4;-95.10291404;-5.955375922;2.303936313;0;90;;;;;;
4;-82.29356732;-9.264675952;2.245861041;0;90;;;;;;
4;-70.16983977;-13.51964421;2.295874865;0;50.80991794;;;;;;
4;-58.30403615;-10.46397187;2.107936497;0;49.45747964;;;;;;
4;-64.93573419;-12.4284183;1.628420022;0;51.22111696;;;;;;
4;-59.1799013;-10.66459872;2.011180497;0;127.9685425;;;;;;
4;-64.89369124;-11.73580123;2.301559618;0;90;;;;;;
4;-57.42501482;-9.606259786;1.375122649;0.034072777;137.7746386;;;;;;
4;-65.08541915;-14.80181937;2.302119184;0;90;;;;;;
4;-56.97892974;-10.41131412;1.934514154;0;75.79140905;;;;;;
4;-59.43180383;-10.54644735;0.940013911;0;85.35077472;;;;;;
4;-62.41836559;-15.6835559;1.951710964;0;86.38005477;;;;;;
4;-56.67699174;-10.83289176;1.975052269;0.359504087;90;;;;;;
4;-59.1765576;-9.137314839;1.934293068;0;90;;;;;;
4;-56.72704737;-5.741105102;0.872478715;0;90.9814858;;;;;;
4;-59.63628574;-10.57899547;2.156641961;0;37.46191454;;;;;;
4;-61.83219243;-10.82567425;1.948639688;0;92.41309027;;;;;;
4;-59.44899549;-9.629321038;0.581980629;0.922036524;83.73824732;;;;;;
4;-59.29408032;-9.241074847;1.127303016;0;65.30694047;;;;;;
4;-57.90213999;-10.60422053;1.329271248;0;0;;;;;;
4;-60.66524686;-11.60735451;0.764770046;0.256475859;90;;;;;;
4;-59.57134167;-9.842132532;2.254739163;0;77.73938387;;;;;;
4;-61.13398457;-9.93629305;0.483147677;1.085161165;89.19385466;;;;;;
4;-59.5969616;-10.06948412;1.06015505;0;130.3530795;;;;;;
4;-59.53219015;-9.863169931;0.057906281;0;99.13579411;;;;;;
4;-58.54523063;-10.80189925;2.075245883;0;127.9596787;;;;;;
5;-187;1.142217128;0.316731192;0;90;0.4;64;-187;-58.03336312;1.142217128;-10.53377163
5;-178.6607182;0.814210139;1.583635817;0;0;;;;;;
5;-169.1951519;-0.01623939;1.58365596;0;0;;;;;;
5;-159.7295758;-0.846692181;1.58365596;0;0;;;;;;
5;-150.2639996;-1.677144971;1.58365596;0;0;;;;;;
5;-140.7984235;-2.507597762;1.58365596;0;0;;;;;;
5;-132.5566595;-6.375334519;1.583589188;0;90;;;;;;
5;-128.218999;-12.35728667;0.939325369;0;90;;;;;;
5;-128.1991562;-19.93905557;1.134846291;0.013184815;90;;;;;;
5;-128.1989737;-27.30196539;1.474651877;0.0160364;90;;;;;;
5;-128.2196891;-34.37395179;1.103681151;0;90;;;;;;
5;-128.520247;-40.25296652;1.461753911;0;90.07824552;;;;;;
5;-128.3837723;-30.81350277;1.583655458;0;89.77796797;;;;;;
5;-128.325818;-21.31195028;1.58365324;0;90.12724267;;;;;;
5;-128.1946691;-11.89129705;1.545121118;0.083295328;89.94903245;;;;;;
5;-128.1889967;-2.638097282;1.581564029;0.171926286;89.91454145;;;;;;
5;-122.0171186;0.50654748;1.583522505;0;0;;;;;;
5;-112.5233274;0.192525474;1.581295427;0.116789462;0;;;;;;
5;-103.1892431;-1.095943988;1.581350451;0;90;;;;;;
5;-95.11857761;-6.015409887;1.58351117;0;90;;;;;;
5;-86.55146417;-8.988354749;1.58351456;0;0;;;;;;
5;-77.82843384;-11.93432622;1.5835951;0;90;;;;;;
5;-69.24505114;-12.97457255;1.583464388;0;55.86673586;;;;;;
5;-61.32887177;-10.49232697;1.162178329;0;52.9957541;;;;;;
5;-58.59652163;-10.2262425;1.283889203;0;138.4394986;;;;;;
5;-56.72240237;-10.79270014;1.188175311;0;90;;;;;;
5;-60.0586323;-9.516186366;0.492216855;0;89.26514574;;;;;;
5;-60.02481869;-9.778980744;0.594145526;2.450658877;85.06188806;;;;;;
5;-61.34554838;-12.25071889;1.337005432;0;90;;;;;;
5;-61.46731953;-12.94317326;1.573437808;0;64.53339096;;;;;;
5;-60.13027845;-10.08143554;0.341779164;1.413746486;90;;;;;;
5;-59.18323222;-9.533328383;1.020426422;0;90;;;;;;
5;-60.07674702;-9.705397743;0.895304087;1.077241887;73.62562324;;;;;;
5;-59.02495725;-9.663799422;1.072725785;0;45.32471455;;;;;;
6;-187;1.922905458;0.587847944;0;90;0.4;64;-187;-58.34252606;1.922905458;-10.2212777
6;-170.6123151;0.384410835;2.939236118;0;0;;;;;;
6;-153.0540851;-1.263975913;2.939239721;0;0;;;;;;
6;-135.5709775;-2.808652152;2.839364667;0;40.3674259;;;;;;
6;-118.528035;0.431261548;2.93915834;0;0;;;;;;
6;-101.1975435;-1.741589824;2.92266979;0;90;;;;;;
6;-86.04656234;-9.099472326;2.932693424;0;0;;;;;;
6;-70.35480474;-13.72652481;2.900859517;0;47.46436355;;;;;;
6;-58.11106771;-9.64772719;2.597701976;0;180;;;;;;
6;-58.97333175;-10.54351879;2.583249784;0;38.48911444;;;;;;
6;-57.99305225;-9.851194569;2.544758683;0;180;;;;;;
6;-56.7826824;-10.1005366;1.623252131;0;64.24970526;;;;;;
6;-65.33758902;-11.06840624;2.768369159;0;44.26457232;;;;;;
6;-59.86388823;-10.71735194;1.994397001;0;49.80849978;;;;;;
6;-58.29549848;-10.65728533;2.658872735;0;180;;;;;;
6;-57.29851407;-9.258496052;1.549048791;0.467862066;180;;;;;;
6;-58.6086013;-10.4001365;2.465078421;0;90;;;;;;
6;-58.99730029;-10.23523616;2.947713761;2.261433873;63.42914435;;;;;;
6;-59.47264769;-9.804475977;1.334861634;0;90;;;;;;
6;-60.3904925;-14.79906407;1.597777697;0;28.02368143;;;;;;
6;-59.40779206;-9.725013086;0.394172956;0;90;;;;;;
6;-64.09139392;-14.68953528;2.925154255;0;90;;;;;;
6;-57.44363743;-9.721901074;1.646468874;0;146.6716413;;;;;;
6;-63.13481758;-10.70270459;2.900299643;0;33.13802624;;;;;;
6;-59.88705378;-10.90054509;0.223858279;0;96.20481061;;;;;;
6;-57.60930545;-9.886168742;1.129336584;0;90;;;;;;
6;-60.27029887;-10.35157089;1.266056204;0.995789612;90;;;;;;
6;-59.16302422;-9.553626875;0.539482216;0;90;;;;;;
6;-66.81871673;-14.87125829;2.425168518;0;90;;;;;;
6;-56.90332918;-9.676070293;1.811570887;0;126.6731809;;;;;;
6;-59.56850918;-10.21366496;0.685237169;0;76.54702636;;;;;;
6;-59.97331663;-9.210512277;0.514275045;0;90;;;;;;
6;-60.05598679;-10.03580269;0.568226726;1.077241887;82.32181701;;;;;;
6;-60.00604453;-9.899884372;0.641618802;0;73.32589635;;;;;;
7;-187;0.2121818;0.770182022;6.901200191;81.12776211;0.4;64;-187;-59.1757221;0.2121818;-10.02515949
7;-175.8655;0.225659069;2.008375222;0;0;;;;;;
7;-163.8619818;-0.834785236;2.008381426;0;0;;;;;;
7;-151.8583546;-1.894014522;2.008381426;0;0;;;;;;
7;-139.8547275;-2.953243809;2.008381426;0;0;;;;;;
7;-129.8352149;-8.883213762;2.008370215;0;90;;;;;;
7;-128.1875786;-2.842071298;2.002739265;0.194084395;89.8658607;;;;;;
7;-119.7965589;0.487987801;2.008371897;0;0;;;;;;
7;-107.8003084;-0.091562151;2.003529367;0;0;;;;;;
7;-96.88115361;-4.702759586;2.008339344;0;90;;;;;;
7;-86.16104411;-9.033734237;2.007974905;0;0;;;;;;
7;-75.34566822;-13.45313559;2.008423102;0;90;;;;;;
7;-64.68227015;-11.50867307;1.869605451;0;56.43310848;;;;;;
7;-57.06459123;-9.721821897;1.398191609;0;90;;;;;;
7;-63.00127211;-11.17227648;1.949660524;0;90;;;;;;
7;-57.52890707;-9.960381773;1.137147257;0.48363443;87.98519225;;;;;;
7;-57.63072683;-9.624853414;0.932477084;0;90;;;;;;
7;-58.56619461;-10.4904239;1.836502594;0.719581106;76.39474559;;;;;;
7;-60.85020878;-10.32266795;0.819104088;0.174493557;0;;;;;;
7;-60.01090277;-14.64532305;2.083674794;0;52.97058017;;;;;;
7;-59.97199644;-9.954930634;0.433745536;0;90;;;;;;
7;-61.37976095;-12.61535463;1.983579868;0;90;;;;;;
7;-56.7052191;-9.517955269;0.6478924;0;82.81132964;;;;;;
7;-60.79840561;-10.87276193;0.537332439;0;60.46533575;;;;;;
7;-59.51160417;-10.40876274;1.101151104;0;140.384766;;;;;;
7;-59.75002644;-9.469151385;0.607064991;0.922036524;79.54844641;;;;;;
7;-60.53193394;-9.738319598;0.164177125;0.049765163;90;;;;;;
7;-59.71420923;-9.165885132;0.419850091;0;78.51149737;;;;;;
7;-63.54303621;-13.70288549;2.009689407;0;90;;;;;;
7;-61.14836037;-12.10748123;1.720252079;0;67.09105597;;;;;;
7;-59.49106808;-9.625702193;0.271934298;0;90;;;;;;
7;-57.21011169;-11.89196946;1.312030947;0.335500812;90;;;;;;
7;-58.62100814;-8.641943482;0.620632473;0;75.09973564;;;;;;
7;-60.70580847;-10.54870841;0.730254316;0;78.7330065;;;;;;
8;-187;0.023355841;0.770687272;6.202822657;78.10925088;0.4;64;-187;-59.28561624;0.023355841;-10.43961879
8;-172.7313219;-0.776850763;2.543963021;0;0;;;;;;
8;-157.5148464;-1.977796418;2.543965846;0;0;;;;;;
8;-142.2983696;-3.178742578;2.543965846;0;0;;;;;;
8;-129.120299;-9.543393273;2.516637146;0;90;;;;;;
8;-128.2044755;-19.49781771;2.456730868;0;90;;;;;;
8;-128.1961595;-33.50737363;2.540588948;0.060008155;90;;;;;;
8;-128.7575211;-39.11859264;2.510728848;0;89.41392036;;;;;;
8;-128.646738;-23.87353978;2.543916496;0;89.88116778;;;;;;
8;-128.1858601;-9.055173551;2.401581725;0.220935472;89.99735205;;;;;;
8;-123.0699805;0.816569815;2.533274295;0;0;;;;;;
8;-107.868499;-0.110883624;2.539356598;0;0;;;;;;
8;-94.30837797;-6.489334861;2.543936446;0;90;;;;;;
8;-80.28874109;-10.16482662;2.519167982;0;90;;;;;;
8;-66.82534366;-12.37789328;2.543256624;0;50.55207217;;;;;;
8;-56.93333319;-8.801767088;0.223419165;0;90;;;;;;
8;-58.79344857;-11.48247233;1.64954804;0;88.79630921;;;;;;
8;-58.91994051;-10.47850008;2.235684969;2.131114371;62.48033624;;;;;;
8;-60.91870935;-9.939916967;1.080980331;0.174493557;57.78928056;;;;;;
8;-60.39261477;-14.35237148;1.683091835;0;49.08092637;;;;;;
8;-58.61961113;-10.21193359;0.812517037;0;90;;;;;;
8;-65.39524424;-15.32695252;1.828648212;0;90;;;;;;
8;-57.17709453;-9.361464657;0.599526599;0;95.12636374;;;;;;
8;-62.5977126;-14.47297977;2.513865679;0;90;;;;;;
8;-60.28596565;-10.94673359;0.732585094;3.383403099;90;;;;;;
8;-56.95618861;-10.36777084;1.226859842;0;90;;;;;;
8;-59.3318184;-10.16084921;0.609576197;0;90;;;;;;
8;-60.16121088;-10.10606353;0.367592477;1.521998272;82.75154804;;;;;;
8;-61.01390504;-11.44743158;0.715233101;0.256475859;90;;;;;;
8;-60.33506061;-11.45062713;1.273971713;0;79.37903557;;;;;;
8;-60.24002114;-10.33827385;0.69642414;1.817732624;116.3866022;;;;;;
8;-59.65311167;-11.19688923;0.568477581;0;67.29662082;;;;;;
8;-59.34081826;-8.794392386;1.793119824;0;127.9527545;;;;;;
8;-56.78524166;-9.913756961;1.265839731;0;90;;;;;;
9;-187;-1.363120446;0.473835997;3.166551881;77.64630126;0.4;64;-187;-59.31591778;-1.363120446;-9.716625961
9;-176.5619497;-1.876808241;1.873143798;0;0;;;;;;
9;-165.3489391;-2.63937056;1.873152463;0;0;;;;;;
9;-154.1359242;-3.401933232;1.873152463;0;0;;;;;;
9;-142.9229092;-4.164495903;1.873152463;0;0;;;;;;
9;-132.512331;-7.389972217;1.872974657;0;90;;;;;;
9;-128.1989214;-14.00115101;1.681104289;0.016852859;90;;;;;;
9;-128.2057285;-22.29114755;1.209310612;0;90;;;;;;
9;-128.2063095;-30.64897797;1.471871291;0;90;;;;;;
9;-128.181448;-41.68322944;1.868351068;0.289875163;90;;;;;;
9;-128.6298467;-34.34551705;1.763011025;0;89.42818052;;;;;;
9;-128.3604547;-23.16527961;1.873120644;0;89.79412341;;;;;;
9;-128.1955773;-12.03380054;1.822903476;0.069105378;89.9676736;;;;;;
9;-128.1681175;-0.827993559;1.857284919;0.498164188;89.32111971;;;;;;
9;-118.5459642;0.458053674;1.873107649;0;0;;;;;;
9;-107.3601944;-0.189780503;1.871779389;0;90;;;;;;
9;-97.18842975;-4.542225318;1.8730868;0;90;;;;;;
9;-87.31884825;-8.965516635;1.872034411;0;0;;;;;;
9;-77.011658;-12.41865126;1.873063907;0;90;;;;;;
9;-66.69709569;-12.21700372;1.873121987;0;53.82088353;;;;;;
9;-59.37031941;-10.22251857;0.580546123;0;90;;;;;;
9;-57.80236685;-10.10352097;1.81067729;0;20.55092507;;;;;;
9;-56.74826308;-4.878122813;0.910618547;0;89.6631847;;;;;;
9;-60.24432154;-10.51099463;0.74663308;0;90;;;;;;
9;-60.5221352;-10.52603875;1.610058082;1.505246018;115.4987645;;;;;;
9;-59.47312949;-8.963377318;0.285815616;1.072997857;40.54936388;;;;;;
9;-59.69871862;-9.107141944;1.027823006;0;79.66002758;;;;;;
9;-57.58250634;-10.30736887;1.694384794;0;90;;;;;;
9;-59.09794715;-9.828634401;1.582812997;0;17.10204417;;;;;;
9;-59.31441518;-10.19191601;1.132857169;0;85.22112738;;;;;;
9;-60.93099163;-9.675415762;0.605561647;1.085161165;82.79164598;;;;;;
9;-56.66683162;-10.02165479;0.799310191;0.518255908;82.3969144;;;;;;
9;-59.5339173;-9.319200638;0.781898601;0;105.0350546;;;;;;
9;-60.81067723;-9.993922444;0.506524331;0;70.57179169;;;;;;
10;81.97901366;30.81718229;0.666915127;0;90;0.4;64;81.97901366;-33.03431454;30.81718229;-27.18036844
10;64.7625697;23.58542246;3.334571546;0;90;;;;;;
10;46.31638365;15.83711;3.334575634;0;90;;;;;;
10;26.87491213;11.79485249;3.334271234;0;180;;;;;;
10;6.873212631;11.40591135;3.334575542;0;180;;;;;;
10;-13.13362557;11.38529371;3.334501941;0;174.6260475;;;;;;
10;-33.14043306;11.33623176;3.334569333;0;180;;;;;;
10;-45.84704334;11.30344775;1.682467271;0;174.4560599;;;;;;
10;-54.62566666;11.30346788;1.685081477;0;174.4931818;;;;;;
10;-63.40631184;11.30346786;1.685080491;0;174.4931696;;;;;;
10;-72.18695438;11.30346786;1.685080488;0;174.4931695;;;;;;
10;-81.5799887;11.29565592;2.95262039;0.067876184;180;;;;;;
10;-93.56751462;11.30404641;1.35023036;0;180;;;;;;
10;-102.47871;5.024133783;3.297695279;0;90;;;;;;
10;-89.50638306;-9.6213089;3.241492946;0;0;;;;;;
10;-70.43164484;-14.90403564;3.31873329;0;0;;;;;;
10;-53.41476091;-21.05065065;3.176853599;0;32.66596957;;;;;;
10;-38.19895778;-17.86496129;2.728762492;0;90;;;;;;
10;-34.79687646;-27.19747203;3.159607182;0.0394996;0;;;;;;
10;-30.14699232;-16.23202598;2.007121439;0;130.1584584;;;;;;
10;-47.8800486;-16.32207249;1.090376243;1.297437166;135.5143358;;;;;;
10;-30.65226101;-16.3029658;3.334323032;0.046340564;0.491325054;;;;;;
10;-43.68542757;-16.31104164;3.051198697;3.918815048;180;;;;;;
10;-48.16945938;-26.80435325;1.418345669;0.477197251;90;;;;;;
10;-31.20340897;-27.16508947;3.318551066;0.545477007;14.28917262;;;;;;
10;-33.17395677;-16.06101591;3.213058921;0;180;;;;;;
10;-45.67340381;-16.27339094;3.085862018;0;0;;;;;;
10;-29.00712493;-15.91171727;0.890730035;0;93.82208224;;;;;;
10;-46.47642406;-16.3298055;3.185642949;0.465710993;180;;;;;;
10;-47.22881543;-27.35595218;2.622660079;0;0;;;;;;
10;-29.03728739;-26.1397308;2.652292506;0;83.97553961;;;;;;
10;-36.11150548;-16.16101309;3.31786849;0;180;;;;;;
10;-48.25369322;-19.93805755;1.711756836;0;90;;;;;;
10;-39.12801938;-27.19877679;2.846948048;0.019112632;15.36188546;;;;;;
11;77.42475256;31.8245967;0.374621265;0;90;0.4;64;77.42475256;-56.96159229;31.8245967;-23.3093707
11;68.15048204;27.2009651;1.873103143;0;90;;;;;;
11;57.9554317;22.47149413;1.873106324;0;90;;;;;;
11;47.73413436;17.80223994;1.872675354;0;90;;;;;;
11;37.30357387;13.66249938;1.872483893;0;90;;;;;;
11;26.19749898;12.07343218;1.872952178;0;180;;;;;;
11;14.96877831;11.69977191;1.872931734;0;180;;;;;;
11;3.733611775;11.59194737;1.872698689;0;171.9149962;;;;;;
11;-7.503382869;11.52514632;1.872879875;0;175.0452036;;;;;;
11;-18.74074973;11.4524943;1.873076628;0;180;;;;;;
11;-29.9772724;11.45577842;1.873038655;0;180;;;;;;
11;-40.70635569;11.30550237;1.359915321;0;180;;;;;;
11;-49.41055546;11.30660776;1.058407072;0;180;;;;;;
11;-57.22514795;11.3063588;1.09008746;0;180;;;;;;
11;-65.07827605;11.30550647;1.317659528;0;177.9070245;;;;;;
11;-72.92489143;11.30591694;1.191887131;0;180;;;;;;
11;-80.74786659;11.30557352;1.273359767;0;180;;;;;;
11;-89.63122621;11.30350556;1.865993873;0;180;;;;;;
11;-98.97658739;11.29337254;1.867671142;0.10355409;180;;;;;;
11;-102.8280012;5.173902921;1.704190433;0;90;;;;;;
11;-95.66390431;-3.336040204;1.873044246;0;90;;;;;;
11;-87.48639685;-9.781087848;1.871481093;0;90;;;;;;
11;-76.80412507;-13.16231952;1.873079102;0;90;;;;;;
11;-65.95387162;-15.59610584;1.864872541;0;90;;;;;;
11;-56.72376456;-19.6265697;0.93731298;0.898996402;0;;;;;;
11;-56.68489827;-26.79082241;1.812721937;0.235964582;90;;;;;;
11;-56.72836915;-20.72543114;1.548332149;0;94.1333027;;;;;;
11;-56.64296294;-20.41299941;0.188248572;0.324174959;88.3213931;;;;;;
11;-56.73026991;-13.85366745;0.908749321;0;88.88738411;;;;;;
11;-57.18883847;-16.4834159;1.872372242;0;90;;;;;;
11;-56.68748411;-26.92355581;1.871313335;0.195560819;90;;;;;;
11;-56.61519034;-20.95488406;1.642376151;1.325150873;92.55649273;;;;;;
11;-56.72053109;-22.71471664;0.931331929;0;90;;;;;;
11;-56.9541361;-26.0641679;1.845258802;0;87.91986669;;;;;;
12;76.02248553;30.57588344;0.379161709;0;90;0.4;64;76.02248553;-56.69983371;30.57588344;-21.78341002
12;66.30395793;26.3026049;1.89580622;0;90;;;;;;
12;55.89125199;21.72409315;1.895808544;0;90;;;;;;
12;45.47854498;17.14558093;1.895808544;0;90;;;;;;
12;34.82548365;13.24668037;1.895414461;0;90;;;;;;
12;23.54178499;11.90569182;1.895776209;0;180;;;;;;
12;12.17443046;11.52217468;1.895781767;0;180;;;;;;
12;0.800164948;11.41058118;1.895808544;0;180;;;;;;
12;-10.57433583;11.39542697;1.895753869;0;180;;;;;;
12;-21.94880897;11.39800661;1.895701455;0;180;;;;;;
12;-33.32313661;11.3352841;1.895808166;0;180;;;;;;
12;-42.71123734;11.30435513;1.27549111;0;180;;;;;;
12;-50.55223951;11.3039371;1.434106777;0;173.8394008;;;;;;
12;-58.32352714;11.30387346;1.423940113;0;174.1436093;;;;;;
12;-66.18872769;11.30417639;1.313418427;0;177.7224503;;;;;;
12;-73.98924701;11.30436535;1.272959349;0;180;;;;;;
12;-81.83626387;11.3039372;1.43410063;0;173.8392968;;;;;;
12;-91.19011146;11.30417585;1.179116652;0;180;;;;;;
12;-100.4270534;11.2871973;1.892154151;0.200042185;180;;;;;;
12;-101.7528907;3.996315969;1.866047276;0;90;;;;;;
12;-94.5957252;-4.799135782;1.895529419;0;90;;;;;;
12;-85.57973105;-10.18857271;1.895593146;0;90;;;;;;
12;-74.85225922;-13.89619584;1.895462577;0;90;;;;;;
12;-63.7995843;-16.49164835;1.892487584;0;90;;;;;;
12;-56.70273847;-20.13124972;0.316619088;2.501899162;93.36813051;;;;;;
12;-56.97299961;-20.28735343;1.42032758;0;81.28774813;;;;;;
12;-57.40370521;-18.42725046;1.266530829;0;90;;;;;;
12;-56.69009226;-24.74054927;1.888573248;0.15480837;90;;;;;;
12;-57.14854237;-28.13315997;1.459694745;0;91.58689151;;;;;;
12;-56.71411463;-17.67376187;1.212842164;0;89.77201351;;;;;;
12;-56.70566351;-10.32879239;1.007966548;0;91.07632762;;;;;;
12;-56.77294545;-1.699832031;0.755067102;0;88.21103503;;;;;;
12;-56.77896655;-11.08928468;1.378772608;2.716179675;90;;;;;;
12;-56.69618932;-19.19221253;1.492200512;0.059541945;90;;;;;;
13;76.56292259;31.91094933;0.574680328;0;90;0.4;64;76.56292259;-21.81497819;31.91094933;-16.20875274
13;61.8775627;25.3338701;2.873398115;0;90;;;;;;
13;46.15096341;18.26947024;2.873401638;0;90;;;;;;
13;29.95904069;12.60823572;2.872375438;0;180;;;;;;
13;12.7648264;11.53675201;2.873384532;0;180;;;;;;
13;-4.474793047;11.42503268;2.873401632;0;180;;;;;;
13;-21.71515833;11.38584133;2.873401638;0;180;;;;;;
13;-38.57104709;11.30343609;2.477033475;0;174.6353249;;;;;;
13;-49.73606838;11.30103885;1.402900303;0;180;;;;;;
13;-59.56468624;11.30103974;1.406794378;0;180;;;;;;
13;-71.14421279;11.30301178;1.302388011;0;180;;;;;;
13;-79.3305897;11.3008582;1.600607272;0;171.3017107;;;;;;
13;-89.19261221;11.30080218;1.700076469;0;171.9837449;;;;;;
13;-102.2986082;11.25442824;2.822927022;0.712058826;180;;;;;;
13;-96.86632501;-1.563001424;2.872852622;0;90;;;;;;
13;-83.79976287;-10.80252828;2.866743719;0;0;;;;;;
13;-67.345637;-15.39495042;2.872658221;0;0;;;;;;
13;-53.10122543;-21.0519196;2.795245317;0;38.5626298;;;;;;
13;-38.69349378;-16.65471038;1.436375893;0.707650374;90;;;;;;
13;-39.33408032;-22.98094728;2.829518509;0;88.63766114;;;;;;
13;-38.93752773;-25.46608419;2.831918353;0;90;;;;;;
13;-39.93298365;-16.15442019;0.906303024;0;180;;;;;;
13;-43.54671765;-16.26556248;2.85143322;3.969135482;19.02892604;;;;;;
13;-28.4694747;-16.19145119;1.793629302;0;25.88982069;;;;;;
13;-22.20625002;-16.22654189;1.108381908;0;47.52835542;;;;;;
13;-27.82111759;-15.91970122;2.871658447;0;180;;;;;;
13;-44.55470979;-16.31742071;2.755396096;0.272198549;146.1720956;;;;;;
13;-39.16723349;-16.30033104;2.454381519;0.005172487;0;;;;;;
13;-26.33556214;-16.20536998;1.034860296;0;9.134450643;;;;;;
13;-20.45849849;-16.20407484;0.92408132;0;0;;;;;;
13;-32.98258913;-16.09430081;2.873370183;0;180;;;;;;
13;-47.56940545;-16.2782788;1.878388669;0;20.57352643;;;;;;
13;-32.30688982;-16.3004899;2.631071952;0.007654628;0;;;;;;
13;-23.67078211;-16.23070363;1.115988923;0;48.39851354;;;;;;
14;76.4892032;30.13762253;0.293678461;0;90;0.4;64;76.4892032;-56.7222427;30.13762253;-20.47780033
14;68.95116964;26.85267051;1.468390446;0;90;;;;;;
14;60.87534422;23.34669344;1.468385885;0;90;;;;;;
14;52.79371567;19.83819542;1.468392307;0;90;;;;;;
14;44.71208419;16.32969611;1.468392307;0;90;;;;;;
14;36.42821028;13.38964204;1.468174291;0;90;;;;;;
14;27.7125613;12.15247317;1.468367423;0;180;;;;;;
14;18.916232;11.67612801;1.468391608;0;180;;;;;;
14;10.10826814;11.49378377;1.468356958;0;180;;;;;;
14;1.29814224;11.45154843;1.46832417;0;180;;;;;;
14;-7.511803035;11.43523162;1.46832324;0;180;;;;;;
14;-16.3216538;11.42634114;1.468247378;0;171.0206227;;;;;;
14;-25.13124379;11.44439431;1.468286589;0;176.8405322;;;;;;
14;-33.94056228;11.35707309;1.468388617;0;180;;;;;;
14;-41.94972374;11.30276778;1.148765146;0;180;;;;;;
14;-49.08235011;11.30213163;0.964297238;0;180;;;;;;
14;-55.94760387;11.30408059;1.282786996;0;180;;;;;;
14;-63.99245629;11.30279793;1.308369306;0;170.9843904;;;;;;
14;-72.49777204;11.30289206;1.326389392;0;180;;;;;;
14;-79.2516486;11.30199692;1.106739838;0;175.1965641;;;;;;
14;-85.83123808;11.30271559;1.092040203;0;180;;;;;;
14;-92.38311771;11.30199764;1.106613969;0;175.1942026;;;;;;
14;-100.3101973;11.28545184;1.446461076;0.227314948;171.0248644;;;;;;
14;-103.1209167;5.913753773;1.305325967;1.608638544;90;;;;;;
14;-97.59497467;-0.67068086;1.468356419;0;90;;;;;;
14;-92.31369561;-7.720514692;1.438246851;1.038937612;90;;;;;;
14;-84.45550465;-10.37401644;1.4683614;0;90;;;;;;
14;-76.18660532;-13.39148556;1.468388376;0;90;;;;;;
14;-67.67642669;-15.29894856;1.432069518;0;90;;;;;;
14;-59.83806008;-18.82419769;1.468336996;0;90;;;;;;
14;-56.70964795;-16.29986483;1.064568649;0;90.07926049;;;;;;
14;-56.69921756;-14.73835864;1.450151267;0.012225558;90;;;;;;
14;-56.82081787;-14.72454013;0.784431486;0;101.0279115;;;;;;
14;-56.92780986;-18.03165661;1.174577088;0;90;;;;;;
15;73.31503733;31.99061679;0.196560757;0;90;0.4;64;73.31503733;-98.13597738;31.99061679;0.097421139
15;68.32051153;29.67865142;0.98280258;0;90;;;;;;
15;62.96921191;27.20153549;0.982803785;0;90;;;;;;
15;57.61791174;24.72441931;0.982803785;0;90;;;;;;
15;52.26661157;22.24730313;0.982803785;0;90;;;;;;
15;46.9153114;19.77018694;0.982803785;0;90;;;;;;
15;41.56401122;17.29307076;0.982803785;0;90;;;;;;
15;36.19477501;14.85711841;0.982647384;0;90;;;;;;
15;30.5303003;13.24775377;0.982738138;0;90;;;;;;
15;24.69978408;12.38141866;0.982794665;0;90;;;;;;
15;18.82219251;11.91447823;0.982802883;0;180;;;;;;
15;12.93075625;11.66918459;0.982803226;0;180;;;;;;
15;7.035559995;11.53845114;0.982803691;0;180;;;;;;
15;1.139328369;11.46275348;0.982803716;0;180;;;;;;
15;-4.75725127;11.43444884;0.982803766;0;172.0102308;;;;;;
15;-10.65395724;11.43374253;0.98269916;0;161.4332888;;;;;;
15;-16.55046066;11.43271509;0.982756206;0;180;;;;;;
15;-22.44716725;11.42871688;0.982776316;0;180;;;;;;
15;-28.34376463;11.41227491;0.982617557;0;165.7173651;;;;;;
15;-34.23949381;11.35559459;0.982803182;0;180;;;;;;
15;-40.11247797;11.30533155;0.937318471;0;180;;;;;;
15;-45.87675328;11.30437761;0.978254403;0;172.9060391;;;;;;
15;-51.64918947;11.30288403;0.976048498;0;177.6414368;;;;;;
15;-57.44348468;11.30643684;0.979575868;0;158.0417399;;;;;;
15;-63.0657707;11.31184012;0.897965637;0;180;;;;;;
15;-68.627626;11.31073525;0.945186968;0;161.9077801;;;;;;
15;-74.20026046;11.31168987;0.882881518;0;180;;;;;;
15;-79.93879084;11.30528272;0.935202483;0;180;;;;;;
15;-85.68227409;11.30516861;0.929117848;0;180;;;;;;
15;-91.51841142;11.29840078;0.982733814;0.024987863;169.7894504;;;;;;
15;-97.34740473;11.29557456;0.981849875;0.069147494;164.2459287;;;;;;
15;-103.1139939;11.21629045;0.579862981;1.161134583;90;;;;;;
15;-103.128204;5.832473676;0.810573267;0;90;;;;;;
15;-99.27511907;1.576641621;0.98269237;0;90;;;;;;
16;72.96548886;31.21413841;0.415321538;0;90;0.4;64;72.96548886;-56.69799929;31.21413841;-18.14096173
16;62.39300206;26.37108767;2.076604955;0;90;;;;;;
16;51.06110273;21.19130096;2.076607691;0;90;;;;;;
16;39.73051753;16.00857763;2.076607692;0;90;;;;;;
16;27.82711609;12.55654916;2.07631022;0;180;;;;;;
16;15.40499218;11.66521966;2.07654626;0;180;;;;;;
16;3.724017942;11.4664714;1.447727883;0;180;;;;;;
16;-8.420682049;11.39017642;2.07655458;0;180;;;;;;
16;-20.87995482;11.38500529;2.076547667;0;177.7393952;;;;;;
16;-33.33912595;11.3396292;2.076604925;0;180;;;;;;
16;-43.18555292;11.3049606;1.207371315;0;180;;;;;;
16;-51.72291745;11.30281131;1.583774804;0;168.8846762;;;;;;
16;-59.97890346;11.30449464;1.176190959;0;180;;;;;;
16;-67.91924865;11.30358275;1.588415086;0;172.378708;;;;;;
16;-75.95120692;11.30404183;1.181904145;0;180;;;;;;
16;-85.66163464;11.30402206;1.833432081;0;170.8736002;;;;;;
16;-93.88783397;11.30354744;1.581494437;0;172.2996016;;;;;;
16;-103.6433746;9.566634696;1.938070894;0;90;;;;;;
16;-97.72400562;-0.612034775;2.076239234;0;90;;;;;;
16;-89.58915936;-9.383992321;2.049385926;0;90;;;;;;
16;-77.67207962;-12.86081475;2.076582879;0;90;;;;;;
16;-65.67122832;-15.70742749;1.984867752;0;90;;;;;;
16;-56.73657626;-21.35123178;1.664299379;0;90;;;;;;
16;-56.74441652;-28.64912531;0.879658199;0.76206942;90;;;;;;
16;-56.98762104;-19.84488485;0.153464068;0.898996402;87.85021146;;;;;;
16;-56.59623504;-21.48962815;0.669910844;0.890478548;87.59331655;;;;;;
16;-56.69826507;-18.57753986;1.797609462;0.027108264;90;;;;;;
16;-56.68893817;-26.94706428;2.073225359;0.172841069;90;;;;;;
16;-56.85041387;-21.40021553;0.349062127;0;91.69391071;;;;;;
16;-56.69960053;-14.59948932;0.952960165;0.00624171;90.00812086;;;;;;
16;-56.73592409;-8.359897854;0.97683939;0;89.74205364;;;;;;
16;-56.71646592;-0.903144182;1.100426821;0;90;;;;;;
16;-56.8550268;-7.88124185;2.070514533;0;90;;;;;;
16;-56.69899469;-16.31764868;0.860207644;0.015707928;90;;;;;;
17;78.47078859;31.7823931;0.495618339;0;90;0.4;64;78.47078859;-56.6594911;31.7823931;-24.23165033
17;69.94846943;26.89684003;1.612039761;0;90;;;;;;
17;57.1801443;21.39768574;2.478085988;0;90;;;;;;
17;43.48904681;15.59903532;2.478049852;0;90;;;;;;
17;29.13771756;12.36662555;2.211194782;0;180;;;;;;
17;16.66780451;12.03181569;2.140981931;0;180;;;;;;
17;2.48226945;11.78269221;2.478018913;0;180;;;;;;
17;-12.38165213;11.45955557;2.47808177;0;180;;;;;;
17;-27.24961527;11.39183599;2.478019576;0;180;;;;;;
17;-40.94477798;11.30390586;1.983328378;0;173.9803719;;;;;;
17;-50.40920591;11.30462135;1.370640152;0;180;;;;;;
17;-59.79379141;11.30456344;1.575421008;0;178.0226031;;;;;;
17;-69.16255898;11.30417866;1.524300564;0;180;;;;;;
17;-78.57372155;11.30410195;1.715055353;0;175.6102234;;;;;;
17;-89.93625279;11.30603398;1.961079202;0;174.6144087;;;;;;
17;-101.0807479;11.27669008;2.467255694;0.364217459;180;;;;;;
17;-98.9859998;1.011653764;2.476202799;0;90;;;;;;
17;-89.319431;-9.532628377;2.438083792;0;90;;;;;;
17;-75.12484571;-13.77978923;2.478088341;0;90;;;;;;
17;-61.08715193;-18.1323448;2.473258501;0;90;;;;;;
17;-56.70175225;-17.53253655;1.547961911;0;90.02049393;;;;;;
17;-56.75652262;-9.925042658;0.907585592;0;87.90136667;;;;;;
17;-57.20512658;-2.118497887;2.347292053;0;90;;;;;;
17;-56.87212596;-14.77356903;2.477455758;0;90;;;;;;
17;-56.79412603;-20.35303788;0.932316446;2.501899162;99.91351729;;;;;;
17;-56.90611599;-21.63485052;1.224257436;0.902784926;96.59576016;;;;;;
17;-56.75608386;-19.89465033;1.406257576;0;90;;;;;;
17;-56.96168042;-20.29858542;0.058900081;0.967400516;87.66579524;;;;;;
17;-56.7024212;-14.66138044;1.032632803;0;90.03385677;;;;;;
17;-56.69123194;-4.737513662;2.473658342;0.137000912;89.82828436;;;;;;
17;-57.17655795;-8.621289667;2.477169979;0;90;;;;;;
17;-57.04197434;-22.07536739;0.9831194;0;90;;;;;;
17;-56.88230875;-24.91064042;2.450942579;0;86.47717733;;;;;;
17;-56.70458024;-21.54096233;1.536471498;0;90;;;;;;
18;76.07445694;31.25680607;0.4700096;0;90;0.4;64;76.07445694;-56.88846523;31.25680607;-23.02451118
18;64.81901337;26.24337299;2.349248849;0;90;;;;;;
18;51.93759329;20.50969333;2.350047997;0;90;;;;;;
18;39.0488247;14.79247952;2.349349846;0;90;;;;;;
18;25.27637936;12.06192161;2.349869927;0;180;;;;;;
18;11.18926258;11.5186542;2.35004377;0;180;;;;;;
18;-2.910351776;11.44300759;2.350047955;0;176.5118781;;;;;;
18;-17.01051454;11.43797679;2.349977663;0;180;;;;;;
18;-31.11029985;11.38649002;2.350036419;0;180;;;;;;
18;-44.46266297;11.30511952;2.204585728;0;177.535826;;;;;;
18;-57.29532217;11.30601391;1.971090655;0;180;;;;;;
18;-69.91507616;11.30506324;2.149419473;0;178.666282;;;;;;
18;-82.70539751;11.3056318;2.297463794;0;176.8661638;;;;;;
18;-96.00653986;11.30540761;2.349700291;0;176.0221028;;;;;;
18;-102.8228385;5.270911286;2.276369099;0;90;;;;;;
18;-93.93946028;-5.569094531;2.350046413;0;90;;;;;;
18;-81.96731104;-11.32494735;2.348075292;0;90;;;;;;
18;-68.37747609;-15.20477476;2.350504159;0;0;;;;;;
18;-56.54536924;-20.71017291;1.886308126;2.41610564;90;;;;;;
18;-57.0988532;-26.69974004;2.23019011;0;89.00767684;;;;;;
18;-56.70751444;-16.42890293;1.453397609;0;90.36511831;;;;;;
18;-56.96654715;-15.64890594;2.339275515;0;90;;;;;;
18;-56.81222119;-28.72499132;0.762420749;1.709032937;137.1545769;;;;;;
18;-56.69976615;-18.03307057;2.183348361;0.003653883;90.2262073;;;;;;
18;-56.74710049;-10.57576143;0.877760815;0;88.75383297;;;;;;
18;-56.73954741;-0.880602083;1.917618056;0;90;;;;;;
18;-56.7278424;-14.64512612;1.562732615;0;90;;;;;;
18;-56.692081;-21.27404473;1.148523553;0.123734325;90;;;;;;
18;-56.74605169;-22.93366759;2.333627536;0;89.24501169;;;;;;
18;-56.70161072;-15.5092227;1.028835435;0;89.98841406;;;;;;
18;-56.71988216;-9.36958773;1.045962544;0;90.69526958;;;;;;
18;-57.27927799;-1.454032188;0.738418379;0;90;;;;;;
18;-56.78337304;-14.30497853;1.486932484;0;90;;;;;;
18;-56.8187249;-20.62697546;1.355181519;1.038109347;90;;;;;;
19;80.71079087;31.54238462;0.230612943;0;90;0.4;64;80.71079087;-79.20602469;31.54238462;-12.21465354
19;74.77712304;28.99923604;1.153063296;0;90;;;;;;
19;68.42269994;26.26329122;1.153064717;0;90;;;;;;
19;62.0682762;23.52734611;1.153064717;0;90;;;;;;
19;55.71385246;20.79140101;1.153064717;0;90;;;;;;
19;49.35942872;18.0554559;1.153064717;0;90;;;;;;
19;43.00500498;15.31951079;1.153064717;0;90;;;;;;
19;36.40981479;13.27765522;1.152965995;0;90;;;;;;
19;29.56622801;12.2879166;1.153047806;0;180;;;;;;
19;22.66502868;11.81305835;1.153063396;0;180;;;;;;
19;15.75070913;11.58463301;1.153060716;0;180;;;;;;
19;8.833452058;11.47758061;1.15306109;0;180;;;;;;
19;1.915406507;11.46798498;1.152950179;0;166.3747163;;;;;;
19;-5.002021602;11.47115958;1.152921596;0;180;;;;;;
19;-11.91994542;11.47496294;1.152860733;0;166.1038075;;;;;;
19;-18.83717598;11.46854095;1.152977465;0;180;;;;;;
19;-25.75457521;11.45227276;1.152946727;0;180;;;;;;
19;-32.67186748;11.37947437;1.153053666;0;180;;;;;;
19;-39.44932821;11.30084787;1.004260667;0;171.5294585;;;;;;
19;-45.91297312;11.30681754;1.135894093;0;180;;;;;;
19;-52.51941428;11.30665291;1.120011126;0;173.168929;;;;;;
19;-59.12602406;11.30656167;1.089947903;0;180;;;;;;
19;-65.90781489;11.30162287;1.15303472;0;167.9496602;;;;;;
19;-72.42693397;11.30120304;1.02441073;0;180;;;;;;
19;-78.52946187;11.30095149;0.991333915;0;180;;;;;;
19;-84.62320836;11.30120865;1.022391055;0;180;;;;;;
19;-90.72774646;11.30095148;0.991331505;0;180;;;;;;
19;-97.33190505;11.29962131;1.152237479;0.005916998;180;;;;;;
19;-103.3991775;10.57724664;1.024940506;0;90;;;;;;
19;-101.9193639;4.389303166;1.146289953;0;90;;;;;;
19;-97.43568423;-0.859670261;1.153059333;0;90;;;;;;
19;-93.30391341;-6.408762292;1.153029875;0;90;;;;;;
19;-87.88666831;-9.542504063;1.152995959;0;90;;;;;;
19;-81.24780323;-11.42042557;1.153042727;0;90;;;;;;
20;78.92496421;31.45558211;0.369803199;0;90;0.4;64;78.92496421;-56.6554134;31.45558211;-22.78463558
20;70.59427555;27.74227763;1.829237794;0;90;;;;;;
20;61.33227959;23.98663282;1.793166534;0;90;;;;;;
20;51.18827303;19.56473773;1.848872663;0;90;;;;;;
20;41.05222182;15.05644713;1.848841511;0;90;;;;;;
20;30.30730614;12.45964015;1.8488956;0;180;;;;;;
20;19.24287289;11.70772073;1.849010513;0;180;;;;;;
20;8.151431476;11.51414509;1.84893909;0;180;;;;;;
20;-2.941209726;11.5175495;1.848846776;0;176.6686338;;;;;;
20;-14.0342655;11.50854164;1.848914321;0;167.2505629;;;;;;
20;-25.12744798;11.48516188;1.848876055;0;180;;;;;;
20;-36.21930469;11.33812774;1.849015232;0;180;;;;;;
20;-46.11769278;11.30251611;1.49322993;0;174.6765864;;;;;;
20;-54.29794503;11.30300345;1.086981107;0;180;;;;;;
20;-62.12263089;11.30271302;1.239894952;0;175.0237913;;;;;;
20;-69.62103582;11.30271643;1.330077542;0;171.7736533;;;;;;
20;-77.56869922;11.29866831;1.839481099;0.020807607;180;;;;;;
20;-86.45139199;11.30912536;1.604501022;0;161.5428965;;;;;;
20;-95.24834726;11.29975234;1.808677945;0.003869735;180;;;;;;
20;-103.500713;8.730420264;1.813238955;0;90;;;;;;
20;-98.01730574;-0.180196195;1.848692699;0;90;;;;;;
20;-91.35347772;-8.822732052;1.682899363;0;90;;;;;;
20;-80.7638471;-11.71308009;1.84877579;0;90;;;;;;
20;-70.27906792;-14.88879784;1.848040787;0;0;;;;;;
20;-59.90143311;-18.45680174;1.84894833;0;90;;;;;;
20;-56.71320495;-15.31474172;1.073240275;0;89.6519836;;;;;;
20;-56.74787765;-15.34043234;0.971644785;0;100.2443884;;;;;;
20;-57.0182323;-19.96461011;0.205708;0.957352782;90;;;;;;
20;-56.65634054;-20.41641726;1.714064829;0.682178997;92.42350846;;;;;;
20;-56.71398083;-13.73240818;1.092562679;0;90.71372128;;;;;;
20;-56.72059097;-7.372753348;0.982866767;0;89.52294173;;;;;;
20;-57.62312103;-2.070297765;1.771163653;0;90;;;;;;
20;-57.19205367;-12.81119019;1.802345272;0;90;;;;;;
20;-56.63846816;-20.34631472;1.230628843;0.960888615;90;;;;;;
